NO	HARI	TANGGAL	SETLIST	UNIT SONG	POSITION	PARTNER	LINEUP	NOTE
1	Minggu	16/12/2018	Theater no Megami	-
2	Minggu	16/12/2018	Theater no Megami	-
3	Minggu	30/12/2018	Theater no Megami	-
4	Rabu	09/01/2019	Theater no Megami	-
5	Jumat	25/01/2019	Theater no Megami	-
6	Sabtu	26/01/2019	Theater no Megami	-
7	Minggu	27/01/2019	Theater no Megami	-
8	Sabtu	23/02/2019	Te wo Tsunaginagara	Wimbledon e Tsureiteitte
9	Selasa	26/02/2019	Te wo Tsunaginagara	Wimbledon e Tsureiteitte
10	Kamis	28/02/2019	Te wo Tsunaginagara	Wimbledon e Tsureiteitte
11	Sabtu	02/03/2019	Te wo Tsunaginagara	Wimbledon e Tsureiteitte
12	Rabu	06/03/2019	Te wo Tsunaginagara	Wimbledon e Tsureiteitte
13	Sabtu	09/03/2019	Te wo Tsunaginagara	Wimbledon e Tsureiteitte
14	Minggu	10/03/2019	Te wo Tsunaginagara	Wimbledon e Tsureiteitte
15	Selasa	12/03/2019	Te wo Tsunaginagara	Wimbledon e Tsureiteitte
16	Selasa	19/03/2019	Te wo Tsunaginagara	Wimbledon e Tsureiteitte
17	Rabu	20/03/2019	Te wo Tsunaginagara	Wimbledon e Tsureiteitte
18	Selasa	19/03/2019	Te wo Tsunaginagara	Wimbledon e Tsureiteitte
19	Sabtu	23/03/2019	Pajama Drive	Junjou Shugi
20	Minggu	24/03/2019	Pajama Drive	Temodemo no Namida
21	Rabu	27/03/2019	Te wo Tsunaginagara	Wimbledon e Tsureiteitte
22	Jumat	29/03/2019	Pajama Drive	Junjou Shugi
23	Minggu	31/03/2019	Te wo Tsunaginagara	Wimbledon e Tsureiteitte
24	Rabu	03/04/2019	Te wo Tsunaginagara	Wimbledon e Tsureiteitte
25	Jumat	05/04/2019	Pajama Drive	Junjou Shugi
26	Sabtu	06/04/2019	Pajama Drive	Junjou Shugi
27	Sabtu	06/04/2019	Te wo Tsunaginagara	Wimbledon e Tsureiteitte
28	Minggu	07/04/2019	Pajama Drive	Junjou Shugi
29	Minggu	07/04/2019	Te wo Tsunaginagara	Wimbledon e Tsureiteitte
30	Jumat	12/04/2019	Te wo Tsunaginagara	Wimbledon e Tsureiteitte
31	Sabtu	13/04/2019	Pajama Drive	Temodemo no Namida
32	Minggu	14/04/2019	Te wo Tsunaginagara	Wimbledon e Tsureiteitte
33	Selasa	16/04/2019	Pajama Drive	Junjou Shugi
34	Sabtu	20/04/2019	Te wo Tsunaginagara	Wimbledon e Tsureiteitte
35	Rabu	24/04/2019	Te wo Tsunaginagara	Wimbledon e Tsureiteitte
36	Minggu	28/04/2019	Pajama Drive	Junjou Shugi
37	Rabu	01/05/2019	Te wo Tsunaginagara	Wimbledon e Tsureiteitte
38	Jumat	03/05/2019	Pajama Drive	Temodemo no Namida
39	Kamis	13/06/2019	Te wo Tsunaginagara	Wimbledon e Tsureiteitte
40	Jumat	14/06/2019	Pajama Drive	Junjou Shugi
41	Kamis	20/06/2019	Te wo Tsunaginagara	Wimbledon e Tsureiteitte
42	Sabtu	22/06/2019	Pajama Drive	Junjou Shugi
43	Rabu	26/06/2019	Te wo Tsunaginagara	Wimbledon e Tsureiteitte
44	Kamis	27/06/2019	Pajama Drive	Temodemo no Namida
45	Sabtu	29/06/2019	Pajama Drive	Temodemo no Namida
46	Rabu	03/07/2019	Pajama Drive	Temodemo no Namida
47	Jumat	05/07/2019	Te wo Tsunaginagara	Wimbledon e Tsureiteitte
48	Sabtu	06/07/2019	Te wo Tsunaginagara	Wimbledon e Tsureiteitte
49	Minggu	07/07/2019	Pajama Drive	Junjou Shugi
50	Selasa	09/07/2019	Te wo Tsunaginagara	Wimbledon e Tsureiteitte
51	Rabu	10/07/2019	Pajama Drive	Temodemo no Namida
52	Jumat	12/07/2019	Te wo Tsunaginagara	Wimbledon e Tsureiteitte
53	Sabtu	13/07/2019	Pajama Drive	Temodemo no Namida
54	Minggu	14/07/2019	Te wo Tsunaginagara	Wimbledon e Tsureiteitte
55	Selasa	16/07/2019	Pajama Drive	Temodemo no Namida
56	Jumat	19/07/2019	Te wo Tsunaginagara	Wimbledon e Tsureiteitte
57	Selasa	23/07/2019	Pajama Drive	Kagami no Naka no Jeanne d'Arc
58	Rabu	24/07/2019	Te wo Tsunaginagara	Wimbledon e Tsureiteitte
59	Jumat	26/07/2019	Pajama Drive	Kagami no Naka no Jeanne d'Arc
60	Selasa	30/07/2019	Pajama Drive	Kagami no Naka no Jeanne d'Arc
61	Sabtu	03/08/2019	Pajama Drive	Kagami no Naka no Jeanne d'Arc
62	Rabu	07/08/2019	Saka Agari	Ai no Iro
63	Sabtu	10/08/2019	Saka Agari	Ai no Iro
64	Kamis	15/08/2019	Saka Agari	Ai no Iro
65	Minggu	18/08/2019	Saka Agari	Ai no Iro
66	Jumat	23/08/2019	Saka Agari	Ai no Iro
67	Minggu	25/08/2019	Saka Agari	Ai no Iro
68	Rabu	28/08/2019	Saka Agari	Ai no Iro
69	Sabtu	31/08/2019	Saka Agari	Ai no Iro
70	Selasa	03/09/2019	Saka Agari	Ai no Iro
71	Sabtu	07/09/2019	Saka Agari	Ai no Iro
72	Jumat	13/09/2019	Saka Agari	Ai no Iro
73	Sabtu	14/09/2019	Saka Agari	Ai no Iro
74	Selasa	17/09/2019	Saka Agari	Ai no Iro
75	Minggu	22/09/2019	Saka Agari	Ai no Iro
76	Kamis	26/09/2019	Saka Agari	Ai no Iro
77	Sabtu	28/09/2019	Saka Agari	Ai no Iro
78	Kamis	03/10/2019	Saka Agari	Ai no Iro
79	Minggu	06/10/2019	Saka Agari	Ai no Iro
80	Rabu	09/10/2019	Saka Agari	Ai no Iro
81	Minggu	13/10/2019	Saka Agari	Ai no Iro
82	Rabu	16/10/2019	Saka Agari	Ai no Iro
83	Selasa	22/10/2019	Saka Agari	Ai no Iro
84	Jumat	25/10/2019	Saka Agari	Ai no Iro
85	Jumat	01/11/2019	Saka Agari	Ai no Iro
86	Minggu	03/11/2019	Saka Agari	Ai no Iro
87	Kamis	07/11/2019	Saka Agari	Ai no Iro
88	Sabtu	09/11/2019	Saka Agari	Ai no Iro
89	Rabu	13/11/2019	Saka Agari	Ai no Iro
90	Sabtu	16/11/2019	Saka Agari	Ai no Iro
91	Minggu	17/11/2019	Saka Agari	Ai no Iro
92	Kamis	21/11/2019	Saka Agari	Ai no Iro
93	Sabtu	23/11/2019	Saka Agari	Ai no Iro
94	Minggu	24/11/2019	Saka Agari	Ai no Iro
95	Rabu	27/11/2019	Saka Agari	Ai no Iro
96	Selasa	03/12/2019	Saka Agari	Ai no Iro
97	Sabtu	07/12/2019	Saka Agari	Ai no Iro
98	Rabu	11/12/2019	Saka Agari	Ai no Iro
99	Minggu	15/12/2019	Romansa Sang Gadis	Himawari
100	Minggu	15/12/2019	Saka Agari	Ai no Iro
101	Kamis	26/12/2019	Saka Agari	Ai no Iro
102	Minggu	29/12/2019	Saka Agari	Ai no Iro
103	Minggu	05/01/2020	Saka Agari	Ai no Iro
104	Rabu	08/01/2020	Saka Agari	Ai no Iro
105	Sabtu	11/01/2020	Saka Agari	Ai no Iro
106	Minggu	12/01/2020	Saka Agari	Ai no Iro
107	Selasa	14/01/2020	Saka Agari	Ai no Iro
108	Jumat	17/01/2020	Saka Agari	Ai no Iro
109	Minggu	19/01/2020	Saka Agari	Ai no Iro
110	Kamis	23/01/2020	Saka Agari	Ai no Iro
111	Sabtu	25/01/2020	Saka Agari	Ai no Iro
112	Kamis	30/01/2020	Saka Agari	Ai no Iro
113	Minggu	02/02/2020	Saka Agari	Ai no Iro
114	Kamis	06/02/2020	Saka Agari	Ai no Iro
115	Sabtu	08/02/2020	Saka Agari	Ai no Iro
116	Minggu	09/02/2020	Saka Agari	Ai no Iro
117	Selasa	11/02/2020	Saka Agari	Ai no Iro
118	Minggu	16/02/2020	Saka Agari	Ai no Iro
119	Rabu	19/02/2020	Saka Agari	Ai no Iro
120	Jumat	21/02/2020	Saka Agari	Ai no Iro
121	Minggu	23/02/2020	Saka Agari	Ai no Iro
122	Rabu	26/02/2020	Saka Agari	Ai no Iro
123	Selasa	03/03/2020	Saka Agari	Ai no Iro
124	Jumat	06/03/2020	Saka Agari	Ai no Iro
125	Minggu	08/03/2020	Saka Agari	Ai no Iro
126	Kamis	12/03/2020	Saka Agari	Ai no Iro
127	Sabtu	14/03/2020	Saka Agari	Ai no Iro
128	Minggu	15/03/2020	Saka Agari	Ai no Iro
129	Sabtu	08/08/2020	Saka Agari	Ai no Iro
130	Sabtu	17/10/2020	Saka Agari	Ai no Iro
131	Kamis	22/10/2020	Saka Agari	Ai no Iro
132	Minggu	25/10/2020	Saka Agari	Ai no Iro
133	Minggu	01/11/2020	Saka Agari	Ai no Iro
134	Sabtu	07/11/2020	Saka Agari	Ai no Iro
135	Rabu	11/11/2020	Saka Agari	Ai no Iro
136	Jumat	13/11/2020	Saka Agari	Ai no Iro
137	Minggu	15/11/2020	Ramune no Nomikata	Usotsuki na Dachou
138	Sabtu	21/11/2020	Ramune no Nomikata	Usotsuki na Dachou
139	Kamis	26/11/2020	Ramune no Nomikata	Usotsuki na Dachou
140	Minggu	29/11/2020	Ramune no Nomikata	Usotsuki na Dachou
141	Jumat	04/12/2020	Ramune no Nomikata	Usotsuki na Dachou
142	Sabtu	05/12/2020	Ramune no Nomikata	Usotsuki na Dachou
143	Kamis	10/12/2020	Ramune no Nomikata	Usotsuki na Dachou
144	Minggu	13/12/2020	Ramune no Nomikata	Usotsuki na Dachou
145	Minggu	20/12/2020	Ramune no Nomikata	Usotsuki na Dachou
146	Selasa	22/12/2020	Ramune no Nomikata	Usotsuki na Dachou
147	Sabtu	26/12/2020	Ramune no Nomikata	Usotsuki na Dachou
148	Rabu	06/01/2021	Ramune no Nomikata	Usotsuki na Dachou
149	Minggu	10/01/2021	Ramune no Nomikata	Usotsuki na Dachou
150	Sabtu	16/01/2021	Ramune no Nomikata	Usotsuki na Dachou
151	Minggu	24/01/2021	Ramune no Nomikata	Usotsuki na Dachou
152	Sabtu	30/01/2021	Ramune no Nomikata	Usotsuki na Dachou
153	Minggu	07/02/2021	Ramune no Nomikata	Usotsuki na Dachou
154	Minggu	14/02/2021	Ramune no Nomikata	Usotsuki na Dachou
155	Rabu	17/02/2021	Ramune no Nomikata	Usotsuki na Dachou
156	Minggu	21/02/2021	Ramune no Nomikata	Usotsuki na Dachou
157	Jumat	05/03/2021	Ramune no Nomikata	Usotsuki na Dachou
158	Minggu	07/03/2021	Ramune no Nomikata	Usotsuki na Dachou
159	Sabtu	13/03/2021	Ramune no Nomikata	Usotsuki na Dachou
160	Sabtu	20/03/2021	Renai Kinshi Jourei	Manatsu no Christmas Rose
161	Minggu	21/03/2021	Renai Kinshi Jourei	Manatsu no Christmas Rose
162	Kamis	25/03/2021	Renai Kinshi Jourei	Manatsu no Christmas Rose
163	Sabtu	27/03/2021	Renai Kinshi Jourei	Manatsu no Christmas Rose
164	Sabtu	27/03/2021	Seishun Girls	Blue Rose
165	Rabu	31/03/2021	Renai Kinshi Jourei	Manatsu no Christmas Rose
166	Sabtu	03/04/2021	Seishun Girls	Blue Rose
167	Sabtu	10/04/2021	Seishun Girls	Blue Rose
168	Sabtu	10/04/2021	Renai Kinshi Jourei	Manatsu no Christmas Rose
169	Minggu	11/04/2021	Seishun Girls	-
170	Selasa	18/05/2021	Seishun Girls	Blue Rose
171	Sabtu	22/05/2021	Renai Kinshi Jourei	Manatsu no Christmas Rose
172	Sabtu	22/05/2021	Seishun Girls	-
173	Selasa	25/05/2021	Renai Kinshi Jourei	Manatsu no Christmas Rose
174	Rabu	26/05/2021	Seishun Girls	Ame no Doubutsuen
175	Sabtu	29/05/2021	Seifuku no Me	Onna no Ko no Dairokkan
176	Kamis	03/06/2021	Seishun Girls	Ame no Doubutsuen
177	Jumat	04/06/2021	Seifuku no Me	Onna no Ko no Dairokkan
178	Minggu	06/06/2021	Renai Kinshi Jourei	Manatsu no Christmas Rose
179	Jumat	11/06/2021	Seifuku no Me	Onna no Ko no Dairokkan
180	Sabtu	12/06/2021	Renai Kinshi Jourei	Manatsu no Christmas Rose
181	Sabtu	12/06/2021	Seishun Girls	Blue Rose
182	Jumat	10/09/2021	Renai Kinshi Jourei	Manatsu no Christmas Rose		Cindy, Kathrina, Indah		#ELIAP21COT
183	Kamis	16/09/2021	Seifuku no Me	Onna no Ko no Dairokkan		Olla, Ashel, Eve, Ariel
184	Minggu	19/09/2021	Renai Kinshi Jourei	Manatsu no Christmas Rose		Eve, Jesslyn, Kathrina
185	Jumat	24/09/2021	Seishun Girls	Ame no Doubutsuen		Marsha, Indah, Eve, Jesslyn, Gaby, Ariel, Oniel
186	Jumat	01/10/2021	Seishun Girls	-
187	Minggu	03/10/2021	Renai Kinshi Jourei	Manatsu no Christmas Rose		Christy, Jesslyn, Kathrina
188	Sabtu	09/10/2021	Renai Kinshi Jourei	Renai Kinshi Jourei		Sisca, Oniel
189	Minggu	10/10/2021	Seishun Girls	Blue Rose		Jinan, Shani, Jessi
190	Sabtu	16/10/2021	Seifuku no Me	Onna no Ko no Dairokkan		Olla, Ashel, Eve, Adel
191	Minggu	17/10/2021	Renai Kinshi Jourei	Renai Kinshi Jourei		Anin, Oniel
192	Jumat	22/10/2021	Renai Kinshi Jourei	Manatsu no Christmas Rose		Christy, Jesslyn, Kathrina
193	Minggu	24/10/2021	Seishun Girls	Ame no Doubutsuen		Celine, Indah, Eve, Olla, Gaby, Ariel, Marsha
194	Selasa	26/10/2021	Seishun Girls	Ame no Doubutsuen		Marsha, Lulu, Eve, Olla, Adel, Freya, Muthe
195	Sabtu	30/10/2021	Renai Kinshi Jourei	Manatsu no Christmas Rose		Cindy, Jesslyn, Kathrina
196	Jumat	05/11/2021	Renai Kinshi Jourei	Renai Kinshi Jourei		Sisca, Oniel
197	Sabtu	06/11/2021	Seishun Girls	Ame no Doubutsuen		Marsha, Lulu, Eve, Chika, Adel, Ariel, Gita
198	Minggu	07/11/2021	Seifuku no Me	Onna no Ko no Dairokkan		Olla, Ashel, Freya, Adel
199	Sabtu	20/11/2021	Seishun Girls	Ame no Doubutsuen		Celine, Kathrina, Eve, Adel, Marsha, Muthe, Gita
200	Sabtu	20/11/2021	Renai Kinshi Jourei	Renai Kinshi Jourei		Sisca, Oniel
201	Sabtu	27/11/2021	Renai Kinshi Jourei	Renai Kinshi Jourei		Anin, Oniel
202	Sabtu	27/11/2021	Seifuku no Me	Onna no Ko no Dairokkan		Olla, Ariel, Freya, Flora		#MiraFinalCheckpoint
203	Minggu	28/11/2021	Seishun Girls	Ame no Doubutsuen		Marsha, Gaby, Kathrina, Eve, Chika, Ariel, Gita
204	Jumat	03/12/2021	Renai Kinshi Jourei	Renai Kinshi Jourei		Anin, Oniel
205	Minggu	05/12/2021	Seifuku no Me	Onna no Ko no Dairokkan		Muthe, Ashel, Eve, Ariel		#ANGEL16HTUP
206	Kamis	09/12/2021	Renai Kinshi Jourei	Renai Kinshi Jourei		Sisca, Oniel		#404AkhlaqNotFound
207	Jumat	10/12/2021	Seifuku no Me	Onna no Ko no Dairokkan		Olla, Ashel, Eve, Ariel
208	Sabtu	11/12/2021	Seishun Girls	Ame no Doubutsuen		Marsha, Adel, Kathrina, Olla, Freya, Flora
209	Minggu	12/12/2021	Renai Kinshi Jourei	Manatsu no Christmas Rose		Cindy, Jesslyn, Kathrina
210	Kamis	23/12/2021	Renai Kinshi Jourei	Manatsu no Christmas Rose		Cindy, Jesslyn, Kathrina
211	Rabu	29/12/2021	Renai Kinshi Jourei	Manatsu no Christmas Rose		Cindy, Indah, Lulu		Show Akhir Tahun 2021
212	Kamis	06/01/2022	Seifuku no Me	Onna no Ko no Dairokkan		Muthe, Eve, Ariel, Flora		#Anin23rendipity
213	Jumat	07/01/2022	Renai Kinshi Jourei	Manatsu no Christmas Rose		Jinan, Indah, Kathrina
214	Sabtu	15/01/2022	Renai Kinshi Jourei	Manatsu no Christmas Rose		Cindy, Indah, Lulu		#Progress100n
215	Minggu	16/01/2022	Seifuku no Me	Onna no Ko no Dairokkan		Olla, Ashel, Lulu, Ariel
216	Sabtu	22/01/2022	Renai Kinshi Jourei	Manatsu no Christmas Rose		Cindy, Indah, Kathrina
217	Minggu	23/01/2022	Seishun Girls	Ame no Doubutsuen		Marsha, Gaby, Kathrina, Oniel, Anin, Olla, Freya
218	Kamis	27/01/2022	Renai Kinshi Jourei	Manatsu no Christmas Rose		Eve, Lulu, Indah
219	Jumat	28/01/2022	Seifuku no Me	Onna no Ko no Dairokkan		Muthe, Flora, Lulu, Freya
220	Sabtu	29/01/2022	Renai Kinshi Jourei	Manatsu no Christmas Rose		Christy, Lulu, Indah		#ShonichIndira
221	Sabtu	11/06/2022	Seishun Girls	Ame no Doubutsuen		Celine, Oniel, Indah, Flora, Olla, Lulu, Lia		#HappyJinanDay
222	Minggu	19/06/2022	Seishun Girls	Ame no Doubutsuen		Celine, Adel, Indah, Ella, Flora, Chika, Marsha		#ELI22WESOME
223	Jumat	24/06/2022	Seishun Girls	Ame no Doubutsuen		Celine, Adel, Indah, Ella, Lia, Olla, Ashel		#CONQUE200R
224	Jumat	08/07/2022	Seishun Girls	Ame no Doubutsuen		Celine, Indah, Ella, Raisha, Lulu, Marsha, Freya
225	Jumat	15/07/2022	Seishun Girls	Ame no Doubutsuen		Celine, Indah, Ella, Raisha, Lulu, Olla, Ashel		#MutheFa18ulous
226	Minggu	17/07/2022	Seishun Girls	Ame no Doubutsuen		Celine, Oniel, Indah, Ella, Jesslyn, Olla, Flora		#DynastyOfCindy
227	Minggu	24/07/2022	Seishun Girls	Ame no Doubutsuen		Freya, Adel, Oniel, Ella, Kathrina, Indah, Olla		#Olali200Point (Ladies N Kids)
228	Jumat	29/07/2022	Seishun Girls	Ame no Doubutsuen		Marsha, Adel, Indah, Flora, Oniel, Olla, Freya		#RENDE2V0US
229	Sabtu	20/08/2022	Seishun Girls	Ame no Doubutsuen		Marsha, Adel, Indah, Flora, Chika, Olla, Freya		#ItsHerBirthDey21
230	Minggu	04/09/2022	Renai Kinshi Jourei	Manatsu no Christmas Rose	Center	Kathrina, Lyn, Callie
231	Jumat	16/09/2022	Renai Kinshi Jourei	Manatsu no Christmas Rose	Center	Kathrina, Lyn, Callie		#MAXXIMALYN
232	Sabtu	24/09/2022	Renai Kinshi Jourei	Manatsu no Christmas Rose	Center	Indah, Callie, Jesslyn		#B20ADWAYofChika
233	Sabtu	01/10/2022	Renai Kinshi Jourei	Manatsu no Christmas Rose	Center	Indah, Callie, Lia
234	Minggu	16/10/2022	Seishun Girls	Blue Rose		Jinan, Gracia, Sisca
235	Jumat	21/10/2022	Seishun Girls	Blue Rose		Feni, Gracia, Lulu		#ZEEOURNEY200
236	Jumat	18/11/2022	Renai Kinshi Jourei	Manatsu no Christmas Rose	Center	Kathrina, Indah, Lulu		#LULU200SHOW
237	Jumat	25/11/2022	Renai Kinshi Jourei	Renai Kinshi Jourei		Sisca, Oniel		#KarsaUntukAsaDanRasa
238	Kamis	01/12/2022	Renai Kinshi Jourei	Renai Kinshi Jourei		Sisca, Oniel
239	Sabtu	10/12/2022	Renai Kinshi Jourei	Manatsu no Christmas Rose	Center	Lulu, Kathrina, Jesslyn		#CHR17TYNEXTSTEP
240	Kamis	22/12/2022	Seishun Girls	Ame no Doubutsuen		Marsha, Adel, Indah, Flora, Chika, Olla, Freya		#FestivalTerakhirGadisRemaja
241	Minggu	15/01/2023	Ramune no Nomikata	Nice To Meet You				#RamuneRefilled
242	Sabtu	21/01/2023	Renai Kinshi Jourei	Manatsu no Christmas Rose	Center	Freya, Indah, Callie		#Feni24ilorMoon #700urneyOfFeni
243	Sabtu	28/01/2023	Ramune no Nomikata	Nice To Meet You		Muthe, Jinan, Freya, Oniel
244	Kamis	02/02/2023	Ramune no Nomikata	Nice To Meet You		Jinan, Freya, Oniel, Kathrina
245	Jumat	03/02/2023	Renai Kinshi Jourei	Renai Kinshi Jourei		Sisca, Oniel
246	Kamis	23/02/2023	Renai Kinshi Jourei	Manatsu no Christmas Rose		Gita, Kathrina, Jesslyn		#DeySpecialDessert
247	Jumat	24/02/2023	Ramune no Nomikata	Nice To Meet You		Jinan, Freya, Oniel, Lyn		#TheHarmonyOfSisca
248	Selasa	28/02/2023	Renai Kinshi Jourei	Manatsu no Christmas Rose	Center	Lulu, Kathrina, Jesslyn		#Hollaeighteen
249	Rabu	15/03/2023	Renai Kinshi Jourei	Manatsu no Christmas Rose	Center	Jesslyn, Lia, Callie		#Super9en3ration
250	Sabtu	13/05/2023	Renai Kinshi Jourei	Manatsu no Christmas Rose	Center	Freya, Lyn, Callie
251	Minggu	21/05/2023	Ramune no Nomikata	Nice To Meet You		Gita, Freya, Oniel, Lia		#Amazeeng19
252	Kamis	25/05/2023	Renai Kinshi Jourei	Manatsu no Christmas Rose		Gita, Indah, Lia
253	Jumat	26/05/2023	Ramune no Nomikata	Nice To Meet You		Muthe, Lia, Adel, Oniel
254	Sabtu	03/06/2023	Renai Kinshi Jourei	Manatsu no Christmas Rose	Center	Kathrina, Jesslyn, Callie
255	Sabtu	03/06/2023	Ramune no Nomikata	Nice To Meet You		Muthe, Adel, Indah, Oniel
256	Sabtu	10/06/2023	Renai Kinshi Jourei	Manatsu no Christmas Rose		Gita, Indah, Lia
257	Sabtu	17/06/2023	Ramune no Nomikata	Nice To Meet You		Muthe, Lia, Indira, Adel		#Eli23Journey
258	Selasa	20/06/2023	Renai Kinshi Jourei	Manatsu no Christmas Rose		Gita, Indira, Jesslyn
259	Rabu	05/07/2023	Renai Kinshi Jourei	Manatsu no Christmas Rose	Center	Indah, Kathrina, Callie
260	Kamis	06/07/2023	Ramune no Nomikata	Nice To Meet You		Muthe, Adel, Lia, Indira		#HappyGDay22nd
261	Kamis	20/07/2023	Ramune no Nomikata	Nice To Meet You		Muthe, Lia, Indira, Lyn		#WayToUpgrade
262	Jumat	21/07/2023	Renai Kinshi Jourei	Manatsu no Christmas Rose		Christy, Lia, Indira		#NAVAJIVANA
263	Jumat	04/08/2023	Renai Kinshi Jourei	Renai Kinshi Jourei		Sisca, Lulu
264	Sabtu	12/08/2023	Renai Kinshi Jourei	Renai Kinshi Jourei		Sisca, Oniel		#HoneyBear18irthday
265	Kamis	24/08/2023	Renai Kinshi Jourei	Renai Kinshi Jourei		Muthe, Lulu
266	Sabtu	02/09/2023	Renai Kinshi Jourei	Manatsu no Christmas Rose		Gita, Callie, Lyn		#APreludeOfADiva
267	Minggu	03/09/2023	Ramune no Nomikata	Nice To Meet You		Muthe, Lia, Freya, Indira		#LaPrincesaGracia
268	Kamis	28/09/2023	Renai Kinshi Jourei	Renai Kinshi Jourei		Jessi, Lulu		#GUA2D1ANofChika
269	Minggu	08/10/2023	Renai Kinshi Jourei	Renai Kinshi Jourei		Muthe, Lulu		#ShaniStoriaFinita
270	Jumat	13/10/2023	Ramune no Nomikata	Nice To Meet You		Muthe, Lia, Adel, Indira
271	Kamis	19/10/2023	Ramune no Nomikata	Nice To Meet You		Muthe, Lia, Indira, Lyn
272	Kamis	02/11/2023	Ramune no Nomikata	Nice To Meet You		Muthe, Adel, Indira, Cynthia
273	Minggu	12/11/2023	Renai Kinshi Jourei	Renai Kinshi Jourei		Jessi, Kathrina		#INS16NIA
274	Jumat	01/12/2023	Renai Kinshi Jourei	Renai Kinshi Jourei		Jessi, Lulu		Tanpa Live Streaming, modal LR RKJ
275	Jumat	08/12/2023	Ramune no Nomikata	Nice To Meet You		Muthe, Lia, Adel, Indira		#IntoChristyWorld
276	Rabu	27/12/2023	Ramune no Nomikata	Nice To Meet You		Muthe, Lia, Adel, Indira		Show Akhir Tahun 2023
277	Minggu	07/01/2024	Ramune no Nomikata	Nice To Meet You		Muthe, Lia, Adel, Indira		#Marsha200thRoll
278	Sabtu	13/01/2024	Renai Kinshi Jourei	Renai Kinshi Jourei		Jessi, Kathrina		#MilAdzana19
279	Jumat	19/01/2024	Renai Kinshi Jourei	Renai Kinshi Jourei		Oniel, Kathrina		#FeniSidewalkcruiser
280	Sabtu	20/01/2024	Ramune no Nomikata	Nice To Meet You		Jessi, Adel, Lia, Oniel		#WeAchievedVictory
281	Minggu	04/02/2024	Renai Kinshi Jourei	Renai Kinshi Jourei		Indira, Kathrina		#200mtoTheStars
282	Minggu	11/02/2024	Seifuku no Me	Kareha no Station	Solo	-		#ASHELesai
283	Sabtu	17/02/2024	Seifuku no Me	Kareha no Station	Solo	-		#L18rarianOfFreydom
284	Minggu	25/02/2024	Renai Kinshi Jourei	Renai Kinshi Jourei		Jessi, Kathrina		#Aurel100vely
285	Kamis	29/02/2024	Seifuku no Me	Kareha no Station	Solo	-		#HollaNineteen
286	Kamis	18/04/2024	Renai Kinshi Jourei	Renai Kinshi Jourei		Oniel, Amanda		#ZantedeschiaXIX
287	Kamis	02/05/2024	Seifuku no Me	Omoide Ijou	Center	Christy, Kathrina
288	Minggu	05/05/2024	Renai Kinshi Jourei	Renai Kinshi Jourei		Freya, Kathrina		#ShaniEvermore
289	Minggu	19/05/2024	Renai Kinshi Jourei	Renai Kinshi Jourei		Freya, Greesel		#Amazeeng20
290	Kamis	23/05/2024	Seifuku no Me	Kareha no Station	Solo	-
291	Sabtu	01/06/2024	Ramune no Nomikata	Nice To Meet You	Center	Adel, Greesel, Indah, Lia
292	Kamis	06/06/2024	Renai Kinshi Jourei	Renai Kinshi Jourei		Fiony, Danella
293	Kamis	13/06/2024	Renai Kinshi Jourei	Renai Kinshi Jourei		Muthe, Greesel
294	Sabtu	22/06/2024	Ramune no Nomikata	Usotsuki na Dachou	Center	Marsha, Ella		#ELIME2M4ID
295	Jumat	28/06/2024	Ramune no Nomikata	Usotsuki na Dachou		Fiony, Ella		Teater Sementara DIY
296	Sabtu	29/06/2024	Ramune no Nomikata	Usotsuki na Dachou		Fiony, Ella		Teater Sementara DIY
297	Minggu	30/06/2024	Ramune no Nomikata	Usotsuki na Dachou		Fiony, Ella		#DjogjaNjajalTeateran (Teater Sementara DIY)
298	Kamis	04/07/2024	Ramune no Nomikata	Usotsuki na Dachou		Fiony, Ella		#SINESINTONIA (Teater Sementara SBY)
299	Jumat	05/07/2024	Ramune no Nomikata	Usotsuki na Dachou		Fiony, Ella		Teater Sementara SBY
300	Minggu	07/07/2024	Ramune no Nomikata	Usotsuki na Dachou		Fiony, Ella		#ELI3L00M (Teater Sementara SBY)
301	Jumat	12/07/2024	Ramune no Nomikata	Usotsuki na Dachou		Fiony, Gracie		#HappyGDay23rd
302	Sabtu	13/07/2024	Ramune no Nomikata	Usotsuki na Dachou		Marsha, Ella		#Muthe20Fine
303	Rabu	14/08/2024	Seifuku no Me	Kareha no Station	Solo	-
304	Minggu	25/08/2024	Renai Kinshi Jourei	Renai Kinshi Jourei		Fiony, Kathrina		#EndlessAmazeeng
305	Minggu	01/09/2024	Ramune no Nomikata	Usotsuki na Dachou		Marsha, Ella		#GraciaPartyTime
306	Kamis	12/09/2024	Renai Kinshi Jourei	Renai Kinshi Jourei	Center	Daisy, Greesel		#RKChia
307	Minggu	22/09/2024	Renai Kinshi Jourei	Renai Kinshi Jourei	Center	Daisy, Amanda		#MAXXIIIMALYN
308	Minggu	29/09/2024	Seifuku no Me	Omoide Ijou	Center	Christy, Marsha		#JΣSS19MA
309	Rabu	02/10/2024	Ramune no Nomikata	Manazashi Sayonara	Duo (1st)	Adel
310	Jumat	11/10/2024	Seifuku no Me	Kareha no Station	Solo	-
311	Jumat	25/10/2024	Ramune no Nomikata	Manazashi Sayonara	Duo (1st)	Lulu		#WarnaMusimSemi
312	Kamis	07/11/2024	Seifuku no Me	Kareha no Station	Solo	-
313	Jumat	08/11/2024	Ramune no Nomikata	Usotsuki na Dachou		Marsha, Gracie
314	Sabtu	16/11/2024	Renai Kinshi Jourei	Renai Kinshi Jourei		Oniel, Greesel		#SandyakalaSemesta
315	Kamis	21/11/2024	Renai Kinshi Jourei	Renai Kinshi Jourei	Center	Daisy, Danella		#Nixie100Memories
316	Sabtu	23/11/2024	Renai Kinshi Jourei	Renai Kinshi Jourei	Center	Daisy, Amanda		Ladies N Kids
317	Minggu	24/11/2024	Ramune no Nomikata	Usotsuki na Dachou	Center	Ella, Gracie		#Ma21Belajar
318	Jumat	29/11/2024	Seifuku no Me	Kareha no Station	Solo	-
319	Sabtu	30/11/2024	Ramune no Nomikata	Usotsuki na Dachou	Center	Raisha, Danella		#SataLavanaa
320	Jumat	06/12/2024	Ramune no Nomikata	Usotsuki na Dachou		Marsha, Danella		#InsideChristyMind #TsukiAiNoAlana
321	Sabtu	21/12/2024	Seifuku no Me	Kareha no Station	Solo	-		#DeijinoChikara #ScoopOfDel19ht
322	Kamis	09/01/2025	Renai Kinshi Jourei	Renai Kinshi Jourei		Indira, Greesel		#Michie100thStars #MoonF100wer
323	Sabtu	11/01/2025	Renai Kinshi Jourei	Renai Kinshi Jourei	Center	Daisy, Greesel		#GreesellaNosta19ia
324	Kamis	23/01/2025	Renai Kinshi Jourei	Renai Kinshi Jourei	Center	Danella, Greesel		#SaiteruDeiji
325	Sabtu	01/02/2025	Te wo Tsunaginagara	Ame no Pianist		Marsha, Raisha		#SMETsterBaru
326	Kamis	06/02/2025	Ramune no Nomikata	Usotsuki na Dachou	Center	Raisha, Danella		#FionyNegaiKaze
327	Sabtu	15/02/2025	Te wo Tsunaginagara	Ame no Pianist		Christy, Lyn		#FreyaNawaDasa
328	Rabu	19/02/2025	Te wo Tsunaginagara	Ame no Pianist		Marsha, Raisha
329	Jumat	21/02/2025	Renai Kinshi Jourei	Renai Kinshi Jourei		Feni, Amanda
330	Selasa	25/02/2025	Ramune no Nomikata	Usotsuki na Dachou		Marsha, Ella		#Cynema100 #SplishSplashStart
331	Kamis	27/02/2025	Renai Kinshi Jourei	Manatsu no Christmas Rose	Center	Gracie, Ribka, Chelsea		#HollaTwenty
332	Kamis	10/04/2025	Te wo Tsunaginagara	Ame no Pianist		Marsha, Lyn
333	Sabtu	12/04/2025	Ramune no Nomikata	Usotsuki na Dachou		Marsha, Ella		#IndahPrettyRoom
334	Sabtu	26/04/2025	Renai Kinshi Jourei	Manatsu no Christmas Rose	Center	Michie, Anindya, Chelsea		#SeruniNoKintsugiXXI
335	Jumat	02/05/2025	Renai Kinshi Jourei	Manatsu no Christmas Rose	Center	Gracie, Alya, Anindya		#Nilai100Gendis
336	Minggu	04/05/2025	Ramune no Nomikata	Usotsuki na Dachou		Marsha, Ella		#Mahagita300 #LanaTsukiNoMegami
337	Kamis	08/05/2025	Renai Kinshi Jourei	Renai Kinshi Jourei	Center	Daisy, Greesel
338	Jumat	16/05/2025	Renai Kinshi Jourei	Manatsu no Christmas Rose	Center	Michie, Anindya, Chelsea
339	Minggu	18/05/2025	Ramune no Nomikata	Usotsuki na Dachou	Center	Danella, Ella
340	Kamis	22/05/2025	Te wo Tsunaginagara	Ame no Pianist		Marsha, Raisha
341	Jumat	30/05/2025	Te wo Tsunaginagara	Ame no Pianist		Marsha, Raisha		#TogetherAsOneLight
342	Rabu	04/06/2025	Renai Kinshi Jourei	Renai Kinshi Jourei	Center	Danella, Amanda		#101CeritaAnindya
343	Sabtu	07/06/2025	Ramune no Nomikata	Usotsuki na Dachou	Center	Ella, Gracie
344	Minggu	22/06/2025	Renai Kinshi Jourei	Renai Kinshi Jourei	Center	Raisha, Indira		#EliNoDoubutsuen
345	Jumat	27/06/2025	Renai Kinshi Jourei	Renai Kinshi Jourei	Center	Daisy, Greesel		#AwalDariJanji #ChasingNewHorizons
346	Kamis	03/07/2025	Ramune no Nomikata	Usotsuki na Dachou	Center	Gracie, Danella		#FragmentsOfADream #GitaGifted24th
347	Kamis	17/07/2025	Ramune no Nomikata	Usotsuki na Dachou		Marsha, Danella		#DancingInTheMoonlightHarvest #21SeasonsOfHarvest
348	Kamis	31/07/2025	Renai Kinshi Jourei	Renai Kinshi Jourei	Center	Raisha, Erine		#LetsPartyOn #The23rdJourNiel
349	Minggu	03/08/2025	Ramune no Nomikata	Usotsuki na Dachou	Center	Danella, Ella
350	Kamis	07/08/2025	Te wo Tsunaginagara	Ame no Pianist		Marsha, Lyn		#Arc19Diádromos #SeekingTheLight
351	Rabu	13/08/2025	Te wo Tsunaginagara	Ame no Pianist		Muthe, Indah
352	Kamis	14/08/2025	Renai Kinshi Jourei	Renai Kinshi Jourei	Center	Danella, Greesel
353	Sabtu	06/09/2025	Renai Kinshi Jourei	Renai Kinshi Jourei	Center	Daisy, Amanda		#SplashOfNineteen
354	Minggu	07/09/2025	Ramune no Nomikata	Usotsuki na Dachou	Center	Gracie, Danella		#RadianceOfGracia
355	Jumat	12/09/2025	Te wo Tsunaginagara	Ame no Pianist		Muthe, Raisha		#SaigoNoHanatabi
356	Kamis	25/09/2025	Renai Kinshi Jourei	Renai Kinshi Jourei	Center	Danella, Greesel
357	Sabtu	27/09/2025	Te wo Tsunaginagara	Ame no Pianist		Muthe, Raisha		#A20maKlasik
358	Kamis	02/10/2025	Ramune no Nomikata	Usotsuki na Dachou		Marsha, Danella
359	Jumat	10/10/2025	Renai Kinshi Jourei	Renai Kinshi Jourei	Center	Desy, Danella
360	Minggu	12/10/2025	Pertaruhan Cinta	Sahabat Atau Cinta	Duo	Kathrina		Shonichi Eli Pertaruhan Cinta
361	Rabu	22/10/2025	Renai Kinshi Jourei	Renai Kinshi Jourei	Center	Desy, Danella
362	Sabtu	01/11/2025	Te wo Tsunaginagara	Ame No Pianist		Marsha, Indah
363	Jumat	07/11/2025	Ramune no Nomikata	Usotsuki na Dachou	Center	Ella, Danella
364	Minggu	16/11/2025	Te wo Tsunaginagara	Ame No Pianist		Christy, Raisha		#18eyondTheGrid
365	Jumat	28/11/2025	Pertaruhan Cinta	Sahabat Atau Cinta	Duo	Kathrina		Ladies Night
366	Jumat	05/12/2025	Renai Kinshi Jourei	Renai Kinshi Jourei	Center	Desy, Danella
367	Sabtu	13/12/2025	Ramune no Nomikata	Usotsuki na Dachou	Center	Danella, Ella
368	Senin	22/12/2025	Renai Kinshi Jourei	Renai Kinshi Jourei	Center	Raisha, Greesel
369	Jumat	26/12/2025	Renai Kinshi Jourei	Renai Kinshi Jourei		Jessi, Amanda
370	Minggu	28/12/2025	Pertaruhan Cinta	Sahabat Atau Cinta	Duo	Christy
371	Kamis	08/01/2026	Pertaruhan Cinta	Sahabat Atau Cinta	Duo	Kathrina
372	Jumat	09/01/2026	Ramune no Nomikata	Manazashi Sayonara	Duo	Indah
373	Minggu	11/01/2026	Ramune no Nomikata	Manazashi Sayonara	Duo	Indah
374	Kamis	15/01/2026	Ramune no Nomikata	Manazashi Sayonara	Duo	Indah
375	Sabtu	17/01/2026	Ramune no Nomikata	Manazashi Sayonara	Duo	Indah
376	Jumat	23/01/2026	Pertaruhan Cinta	Sahabat Atau Cinta	Duo	Christy
377	Sabtu	07/02/2026	Te wo Tsunaginagara	Ame No Pianist		Oniel, Levi
378	Minggu	08/02/2026	Ramune no Nomikata	Usotsuki na Dachou	Center	Nayla, Danella
379	Minggu	15/02/2026	Pertaruhan Cinta	Sahabat Atau Cinta				STS Freya
380	Senin	16/02/2026	Ramune no Nomikata	Usotsuki na Dachou				STS Trisha
381	Sabtu	28/03/2026	Pertaruhan Cinta	Sahabat Atau Cinta				STS Olla
382	Sabtu	04/04/2026	Pertaruhan Cinta	Sahabat Atau Cinta				STS Indah
383	Jumat	10/04/2026	Te wo Tsunaginagara	Ame No Pianist		Marsha, Lyn		Shonichi sebagai member team dream
384	Sabtu	18/04/2026	Dream Bakudan	Kinjirareta Futari	Duo	Greesel		Shonichi Setlist
385	Jumat	24/04/2026	Dream Bakudan
386	Senin	29/06/2026	Dream Bakudan				Teater Sementara SBY
387	Selasa	30/06/2026	Dream Bakudan				Teater Sementara SBY
388	Rabu	01/07/2026	Dream Bakudan				Teater Sementara SBY
389	Senin	06/07/2026	Dream Bakudan				Teater Sementara DIY
390	Selasa	07/07/2026	Dream Bakudan				Teater Sementara DIY
391	Rabu	08/07/2026	Dream Bakudan				Teater Sementara DIY
